{"cameraMode":{"drawMode":0,"name":"Shaded","section":"Shading Mode"},"sceneLighting":true,"audioPlay":false,"sceneViewState":{"showFog":true,"showMaterialUpdate":true,"showSkybox":true,"showFlares":true,"showImageEffects":true,"showParticleSystems":true},"in2DMode":false,"pivot":{"x":1.2006120681762696,"y":6.867384910583496,"z":107.90426635742188},"rotation":{"x":-0.22658707201480866,"y":-0.6156388521194458,"z":0.19104507565498353,"w":-0.7301704287528992},"size":20.491661071777345,"orthographic":false}